file,species
0021e90e4.png,Small-flowered Cranesbill
003d61042.png,Fat Hen
007b3da8b.png,Sugar beet
0086a6340.png,Cleavers
00c47e980.png,Fat Hen
00d090cde.png,Common wheat
00ef713a8.png,Cleavers
01291174f.png,Fat Hen
026716f9b.png,Loose Silky-bent
02cfeb38d.png,Common wheat
03566743d.png,Charlock
03a2ee656.png,Cleavers
03e322a29.png,Sugar beet
03ef36742.png,Shepherds Purse
043449b0b.png,Sugar beet
0437393b1.png,Fat Hen
04814f36d.png,Charlock
05341a8a6.png,Shepherds Purse
060450d79.png,Cleavers
060f1dc84.png,Charlock
0625f063b.png,Charlock
063363305.png,Small-flowered Cranesbill
06d12f6fa.png,Charlock
071cb3ece.png,Cleavers
0751c0bbc.png,Sugar beet
07e62f903.png,Maize
085974290.png,Shepherds Purse
0885e7690.png,Shepherds Purse
089ad62a7.png,Charlock
08d591441.png,Sugar beet
0911d3dee.png,Charlock
099b961ec.png,Charlock
0a64e3e6c.png,Common wheat
0ad9e7dfb.png,Maize
0ae6668fa.png,Common wheat
0bf7bfb05.png,Common wheat
0c27cf05f.png,Common wheat
0c4199daa.png,Common wheat
0c45ace27.png,Cleavers
0c51bf229.png,Maize
0c5f6c493.png,Common wheat
0caeda5df.png,Common wheat
0d117d910.png,Charlock
0d31e6602.png,Small-flowered Cranesbill
0dba99002.png,Sugar beet
0e8492cb1.png,Maize
0ebf8f2f4.png,Maize
0ee4ad224.png,Shepherds Purse
0f6cbe5e8.png,Maize
0fb233ad6.png,Small-flowered Cranesbill
115f93ecc.png,Common wheat
116b136de.png,Sugar beet
1191ba346.png,Cleavers
11d3f68ff.png,Common wheat
122913909.png,Maize
12625488b.png,Fat Hen
126a71ce0.png,Charlock
1312065a5.png,Small-flowered Cranesbill
1364b297a.png,Cleavers
1376f3b63.png,Black-grass
13b9fa92d.png,Sugar beet
1459e96a0.png,Cleavers
148bbda66.png,Charlock
14bb43eee.png,Common wheat
1541bdb2e.png,Maize
1623fb9e1.png,Cleavers
16357b436.png,Common wheat
16467a950.png,Black-grass
165681fd9.png,Charlock
1694a70e4.png,Shepherds Purse
16fd2e01a.png,Small-flowered Cranesbill
172f9b10b.png,Charlock
17529c555.png,Shepherds Purse
1758a1baf.png,Cleavers
177d7e2a4.png,Sugar beet
17a78fb44.png,Maize
17d5e5ac4.png,Common wheat
1821eb11a.png,Shepherds Purse
187668bde.png,Charlock
1926e82fd.png,Common wheat
19618ad6a.png,Sugar beet
19b51843a.png,Cleavers
19e58cc5e.png,Charlock
19fdf19fb.png,Common wheat
1b490196c.png,Charlock
1b6a6494d.png,Sugar beet
1be0713da.png,Cleavers
1bf9b94a6.png,Shepherds Purse
1c52ea820.png,Fat Hen
1c680883c.png,Common wheat
1cfd91582.png,Charlock
1d0cbd819.png,Common wheat
1d321253f.png,Fat Hen
1d48b7564.png,Common wheat
1d56351b2.png,Charlock
1dc7c45df.png,Common wheat
1e095a7e1.png,Small-flowered Cranesbill
1f290e016.png,Charlock
1f3f44563.png,Maize
1f5e5554e.png,Charlock
1fefb54b7.png,Fat Hen
205df1df3.png,Charlock
20817c846.png,Scentless Mayweed
20e562fd5.png,Sugar beet
20ea96bcc.png,Fat Hen
20f983a71.png,Cleavers
2126dc71b.png,Sugar beet
219fd68d5.png,Charlock
223e4af09.png,Cleavers
22e79540f.png,Cleavers
22fbf13d6.png,Loose Silky-bent
239bdf640.png,Charlock
23bc8ec4f.png,Cleavers
23e480e64.png,Charlock
2406d6c99.png,Charlock
241e6935a.png,Sugar beet
248436078.png,Cleavers
24a058589.png,Charlock
24c94a6ca.png,Sugar beet
24d36c52c.png,Sugar beet
24d78df74.png,Sugar beet
24dbc3b21.png,Sugar beet
258b1183c.png,Cleavers
25a4c427e.png,Common wheat
25cf6eb73.png,Maize
25fa8d109.png,Common wheat
26852751a.png,Charlock
2693e5c65.png,Maize
26e7ae885.png,Fat Hen
270b939cf.png,Sugar beet
279df95f2.png,Sugar beet
288564c76.png,Sugar beet
29bab7cad.png,Sugar beet
29ce426a1.png,Cleavers
29f49cd0b.png,Fat Hen
2a5064f19.png,Common wheat
2a667e099.png,Fat Hen
2b55a2da2.png,Charlock
2bd74d2da.png,Common wheat
2d5058a59.png,Cleavers
2d992d1fb.png,Common wheat
2d9c798f9.png,Small-flowered Cranesbill
2dd5cfba9.png,Charlock
2df78338c.png,Charlock
2e86f1085.png,Fat Hen
2ea664465.png,Sugar beet
2f0004a7f.png,Common wheat
2f246d688.png,Small-flowered Cranesbill
2ff5cb348.png,Sugar beet
30ad31220.png,Charlock
3185294c8.png,Scentless Mayweed
31f3dd81f.png,Loose Silky-bent
31fcdc161.png,Maize
3281183f9.png,Sugar beet
32a8c8a1d.png,Loose Silky-bent
32b42c120.png,Small-flowered Cranesbill
32c86784b.png,Cleavers
33317fc2a.png,Fat Hen
33448fe39.png,Common wheat
33748968f.png,Cleavers
338c7e907.png,Charlock
34dd57ca9.png,Black-grass
3526b05cc.png,Scentless Mayweed
35a90f8d0.png,Common Chickweed
35cf9fa01.png,Charlock
35ebe165c.png,Common wheat
36839d5e9.png,Charlock
36d62bf36.png,Common wheat
36ed4f215.png,Cleavers
37297a64c.png,Sugar beet
37714071b.png,Cleavers
377283a21.png,Maize
37c3108d6.png,Charlock
37e545a60.png,Sugar beet
3827436f3.png,Cleavers
38c054379.png,Small-flowered Cranesbill
391dcd7fd.png,Common wheat
39858776a.png,Cleavers
39b740f7e.png,Common wheat
39c8fde99.png,Loose Silky-bent
39d569be4.png,Loose Silky-bent
3a909ead8.png,Small-flowered Cranesbill
3abb502fb.png,Common wheat
3b73c3b61.png,Common wheat
3bbef3ecb.png,Common Chickweed
3d38a87bc.png,Common wheat
3d65168c2.png,Sugar beet
3d67c434b.png,Charlock
3da774107.png,Fat Hen
3dd52bd2a.png,Small-flowered Cranesbill
3e9f41817.png,Common wheat
3ebbe9ca4.png,Charlock
3eda9cbb6.png,Charlock
3edf5e9ef.png,Common wheat
3eebd36c6.png,Charlock
3efa1f66c.png,Common wheat
3f64c2c1b.png,Common wheat
3f826b318.png,Sugar beet
3f92d8039.png,Loose Silky-bent
3fbd0fc6a.png,Charlock
3fbf1a417.png,Cleavers
4049a6ea6.png,Common wheat
406162ef9.png,Charlock
406ecb5c5.png,Charlock
410e6f702.png,Small-flowered Cranesbill
41e07778c.png,Cleavers
41f1c3cdb.png,Fat Hen
4287d810c.png,Cleavers
429211ee6.png,Fat Hen
42e7ed442.png,Charlock
4392d93cf.png,Common wheat
43ede9de9.png,Charlock
444473900.png,Fat Hen
446f7da01.png,Common wheat
44e8b8833.png,Small-flowered Cranesbill
456d507c0.png,Cleavers
466bb6d3b.png,Maize
46c14fde2.png,Loose Silky-bent
47b7d8e17.png,Small-flowered Cranesbill
47f9e5d91.png,Sugar beet
48231e475.png,Shepherds Purse
4823c3ffa.png,Sugar beet
486e59179.png,Charlock
48d97c645.png,Small-flowered Cranesbill
48ef6a2ff.png,Common wheat
490c4f9c8.png,Fat Hen
4a337a4a9.png,Fat Hen
4ac29bbf0.png,Sugar beet
4b032563b.png,Cleavers
4b155fb07.png,Maize
4bbf1f6ea.png,Charlock
4bbfd1e05.png,Cleavers
4bcdaa5e2.png,Charlock
4c5ab9b68.png,Cleavers
4c7838de4.png,Charlock
4c8005bbc.png,Common wheat
4e1190d78.png,Common wheat
4e18ab737.png,Cleavers
4e69d100a.png,Small-flowered Cranesbill
4e9d3765f.png,Charlock
4ea7493d5.png,Sugar beet
4f44ca525.png,Sugar beet
4f83143e1.png,Maize
502dff972.png,Small-flowered Cranesbill
506347cfe.png,Cleavers
50de8a115.png,Charlock
521b27a17.png,Loose Silky-bent
523e5505c.png,Cleavers
5296835a0.png,Small-flowered Cranesbill
52a87abe5.png,Cleavers
52dc7a4d6.png,Cleavers
5315c2dca.png,Loose Silky-bent
534e74d83.png,Maize
539961189.png,Sugar beet
53ceb4657.png,Charlock
53e6e9000.png,Common wheat
54b3afd58.png,Cleavers
54c8bb900.png,Charlock
550a8b7e6.png,Small-flowered Cranesbill
55251925f.png,Cleavers
558aa7deb.png,Loose Silky-bent
55920f07f.png,Maize
55a852f40.png,Common Chickweed
55fed435f.png,Maize
56112b92c.png,Small-flowered Cranesbill
56a01b835.png,Cleavers
5779fe8b4.png,Fat Hen
5817b766d.png,Charlock
5883b423d.png,Common Chickweed
589e643b8.png,Charlock
590f5aea6.png,Charlock
592473c83.png,Common wheat
592cc5b89.png,Common wheat
59358cd44.png,Small-flowered Cranesbill
593896f83.png,Fat Hen
599691cd9.png,Small-flowered Cranesbill
599c82eea.png,Scentless Mayweed
59b2c6f2b.png,Charlock
59c6a9f95.png,Charlock
59e1cea8d.png,Cleavers
59f62ad1d.png,Loose Silky-bent
5a38ac566.png,Common wheat
5a6bf96f6.png,Maize
5af1d74ee.png,Sugar beet
5b3000b9a.png,Maize
5b3beec58.png,Loose Silky-bent
5b63dcc21.png,Cleavers
5bbc0a255.png,Cleavers
5bc6595f6.png,Maize
5bd71f445.png,Cleavers
5bdcfa329.png,Common wheat
5c3cd7ea2.png,Common Chickweed
5ca0205f9.png,Charlock
5ca2687a4.png,Maize
5dcad9a53.png,Small-flowered Cranesbill
5e6a237f2.png,Sugar beet
5eb9c26a6.png,Common wheat
5ee9d0a5b.png,Loose Silky-bent
5f04aed97.png,Small-flowered Cranesbill
6049234e6.png,Fat Hen
604dd663f.png,Charlock
606647f64.png,Cleavers
60ee66ddd.png,Cleavers
60f0bc617.png,Small-flowered Cranesbill
60fea2ef6.png,Sugar beet
615d2b0a9.png,Cleavers
618de3d7a.png,Charlock
61b044411.png,Loose Silky-bent
61dd2cdc5.png,Common wheat
632156793.png,Cleavers
63c07d340.png,Sugar beet
647689543.png,Common wheat
64fe8beb9.png,Shepherds Purse
653193c1a.png,Common wheat
65489944f.png,Charlock
659412b1a.png,Black-grass
65d08b894.png,Charlock
65e262a6d.png,Charlock
65e97117e.png,Black-grass
664194d19.png,Small-flowered Cranesbill
6680836dd.png,Sugar beet
668c1007c.png,Charlock
66ab0e8d0.png,Charlock
675ec1b0b.png,Small-flowered Cranesbill
67ce3eaa6.png,Small-flowered Cranesbill
67e185673.png,Small-flowered Cranesbill
686dc7ec8.png,Common wheat
6908fb540.png,Sugar beet
6982a9d30.png,Small-flowered Cranesbill
699d3c707.png,Sugar beet
69d1669f8.png,Charlock
6a41bf95b.png,Shepherds Purse
6a47821f9.png,Loose Silky-bent
6b721f68e.png,Common wheat
6b9d6f8c9.png,Sugar beet
6ba4ef411.png,Cleavers
6bce55e05.png,Cleavers
6be169e41.png,Charlock
6c874918c.png,Common wheat
6d6eb3830.png,Charlock
6da892be6.png,Small-flowered Cranesbill
6db684fff.png,Shepherds Purse
6dd095129.png,Charlock
6df8e31ea.png,Charlock
6edb96d45.png,Cleavers
6edc76e7c.png,Fat Hen
711b46fba.png,Charlock
71334c634.png,Maize
71b232519.png,Common wheat
71e73a8a0.png,Sugar beet
71f5323c5.png,Black-grass
721b2c47a.png,Fat Hen
721be0a4a.png,Black-grass
728eabae1.png,Charlock
73260a4ee.png,Fat Hen
74068643d.png,Common wheat
74d810f87.png,Black-grass
74fd477eb.png,Fat Hen
7506c0c02.png,Common Chickweed
752101fdf.png,Small-flowered Cranesbill
754b1adf8.png,Small-flowered Cranesbill
756dd5070.png,Cleavers
75cb95e91.png,Charlock
7615e52d3.png,Cleavers
76555b064.png,Common wheat
7691014a1.png,Charlock
7696badea.png,Fat Hen
76dbd1054.png,Scentless Mayweed
770a265f5.png,Small-flowered Cranesbill
77ccb8b2a.png,Small-flowered Cranesbill
780bd2a2c.png,Sugar beet
780defa2e.png,Sugar beet
785a73ab8.png,Charlock
78750e0ff.png,Charlock
78b1bf91a.png,Sugar beet
78c5fba1d.png,Sugar beet
79d93bc96.png,Common wheat
79dafec17.png,Common wheat
79e5ea8fa.png,Common wheat
79fba50db.png,Cleavers
7a38416be.png,Charlock
7b21ba6ba.png,Sugar beet
7b52585da.png,Common wheat
7beb2766f.png,Shepherds Purse
7c85b0265.png,Black-grass
7cabd68cc.png,Common wheat
7d22abf91.png,Shepherds Purse
7d3045fc3.png,Sugar beet
7d4cd07ad.png,Sugar beet
7e9cf1c46.png,Cleavers
7f31c7f42.png,Common wheat
7f46a71db.png,Sugar beet
7f9e9565d.png,Scentless Mayweed
7fdb7202d.png,Scentless Mayweed
800a8c17e.png,Fat Hen
808578ed5.png,Charlock
808cf55c6.png,Charlock
809eb0b82.png,Charlock
80e299ae9.png,Charlock
8104422bb.png,Cleavers
8170d33c1.png,Maize
824f5d4e5.png,Sugar beet
827279bad.png,Shepherds Purse
82b5f4d33.png,Charlock
8301b0547.png,Charlock
8303b27ed.png,Common wheat
8311740de.png,Cleavers
835dc5447.png,Small-flowered Cranesbill
837ac0270.png,Shepherds Purse
8455169fe.png,Sugar beet
851c90831.png,Common wheat
85431c075.png,Black-grass
855955aaf.png,Small-flowered Cranesbill
856f2910a.png,Small-flowered Cranesbill
8585f9718.png,Loose Silky-bent
862b8e7a0.png,Sugar beet
86676d627.png,Common wheat
866be78b0.png,Charlock
86c309150.png,Sugar beet
86f08e6d1.png,Fat Hen
87608f7aa.png,Charlock
87f627bf9.png,Cleavers
8874bba69.png,Black-grass
88ac6df54.png,Common wheat
88d8a4508.png,Common wheat
8916793ce.png,Small-flowered Cranesbill
892e9d6c6.png,Shepherds Purse
897e5a8de.png,Cleavers
8a30b2de3.png,Sugar beet
8a32d0bfa.png,Small-flowered Cranesbill
8a4d3a1b1.png,Common wheat
8a8d6c712.png,Cleavers
8ab8a958b.png,Fat Hen
8b043093d.png,Small-flowered Cranesbill
8b27bfd2b.png,Small-flowered Cranesbill
8b9144917.png,Small-flowered Cranesbill
8bc0261c9.png,Loose Silky-bent
8c98a6e9b.png,Common wheat
8c9953903.png,Fat Hen
8ca6140ca.png,Common wheat
8cf2e3e6c.png,Common wheat
8cf909eb3.png,Charlock
8cfd98117.png,Common Chickweed
8d6991365.png,Common wheat
8d6acbe9b.png,Cleavers
8db450ce3.png,Sugar beet
8dbb8e1b9.png,Charlock
8e29abce1.png,Charlock
8e2e5604e.png,Sugar beet
8e3ed0a25.png,Small-flowered Cranesbill
8e4eaeec0.png,Sugar beet
8e6ec1ca6.png,Small-flowered Cranesbill
8ece6efec.png,Shepherds Purse
8f523520c.png,Charlock
8faadb6a8.png,Sugar beet
90b595f12.png,Cleavers
90d119d25.png,Scentless Mayweed
91e469b4a.png,Charlock
92292055d.png,Charlock
93079d970.png,Sugar beet
9326bda1b.png,Charlock
93d76fd5d.png,Small-flowered Cranesbill
948cdb277.png,Cleavers
9516e56c4.png,Common wheat
953496deb.png,Fat Hen
958bb9e96.png,Charlock
963544aa0.png,Common wheat
9643fc5f4.png,Charlock
966ae5ad9.png,Common wheat
969a851be.png,Shepherds Purse
96ecad7a1.png,Small-flowered Cranesbill
96f14d90c.png,Sugar beet
974959ec1.png,Common wheat
976e4e079.png,Charlock
97844bfd5.png,Charlock
97b2f0a10.png,Small-flowered Cranesbill
98062cd87.png,Charlock
98d819587.png,Charlock
98da6ef4e.png,Scentless Mayweed
99036c51d.png,Loose Silky-bent
99569b224.png,Charlock
995c7ab1e.png,Common wheat
9a3f20121.png,Common wheat
9aa5587fe.png,Loose Silky-bent
9b4800b42.png,Charlock
9b9911f20.png,Shepherds Purse
9baf94467.png,Sugar beet
9c0c5b731.png,Common wheat
9c32a797e.png,Common wheat
9c777333d.png,Charlock
9c8b08a24.png,Loose Silky-bent
9cce7328c.png,Common wheat
9d3cb4745.png,Common wheat
9d79a1f0c.png,Small-flowered Cranesbill
9df3275da.png,Small-flowered Cranesbill
9fab816f2.png,Fat Hen
a006a475c.png,Charlock
a060c1cf8.png,Maize
a0b393945.png,Small-flowered Cranesbill
a0f37c726.png,Small-flowered Cranesbill
a169b71e7.png,Charlock
a19c3faca.png,Cleavers
a1da8be3c.png,Maize
a1e0a6c02.png,Cleavers
a254d71f6.png,Common wheat
a276c65f7.png,Common wheat
a2b703e21.png,Small-flowered Cranesbill
a2c89c367.png,Charlock
a2d25b4f3.png,Small-flowered Cranesbill
a35fd6fbb.png,Cleavers
a38b8a581.png,Small-flowered Cranesbill
a3b375b34.png,Common wheat
a3d0031fd.png,Black-grass
a4b61a4ea.png,Common wheat
a544fc46d.png,Shepherds Purse
a55d26a4c.png,Sugar beet
a5db42f7d.png,Maize
a74bf916d.png,Charlock
a74d475c2.png,Sugar beet
a7bd7cadb.png,Fat Hen
a800caead.png,Sugar beet
a83820a2c.png,Sugar beet
a8388a37f.png,Sugar beet
a85b48a95.png,Shepherds Purse
a85fc8c9a.png,Small-flowered Cranesbill
a890ac088.png,Charlock
a8b431a3e.png,Sugar beet
a8c8a1db0.png,Charlock
a8da9c08d.png,Charlock
a8de7c1b7.png,Common wheat
a935ca110.png,Common wheat
a93f940d6.png,Shepherds Purse
a9d2eab61.png,Common wheat
aa7d098d1.png,Sugar beet
aad8375e0.png,Charlock
aaf4da98f.png,Sugar beet
ab0f67743.png,Common wheat
ab35453cb.png,Cleavers
abc331628.png,Common wheat
abf8b0772.png,Scentless Mayweed
ac3193f78.png,Cleavers
ac75d3326.png,Common wheat
acdb75e00.png,Loose Silky-bent
ace8761dd.png,Charlock
ad12382d4.png,Common wheat
adb7a032c.png,Black-grass
ae90f2827.png,Cleavers
aecfaed64.png,Charlock
aee6fa3df.png,Loose Silky-bent
af45e222a.png,Shepherds Purse
afa446484.png,Small-flowered Cranesbill
afcf6abd5.png,Small-flowered Cranesbill
b026bf8ca.png,Common wheat
b03397525.png,Loose Silky-bent
b0acaff4a.png,Common wheat
b130a0632.png,Cleavers
b145ba9d4.png,Shepherds Purse
b1cd2a91e.png,Charlock
b215531dd.png,Cleavers
b2706e2b3.png,Common wheat
b29339405.png,Loose Silky-bent
b30ab4659.png,Charlock
b31292706.png,Charlock
b341d0aab.png,Cleavers
b39c71707.png,Maize
b3d6fdb80.png,Charlock
b3e08b037.png,Charlock
b47691c08.png,Shepherds Purse
b4c3df835.png,Charlock
b4f7c9214.png,Common wheat
b573b7a56.png,Common wheat
b5c7fd009.png,Common wheat
b62dca166.png,Fat Hen
b687160f5.png,Small-flowered Cranesbill
b6a3f7876.png,Common wheat
b6f3d8b5d.png,Common Chickweed
b7192c70f.png,Common wheat
b7a7f6390.png,Fat Hen
b7ad92859.png,Charlock
b828443ff.png,Maize
b9062c1c8.png,Sugar beet
b944a49ca.png,Common wheat
b98327bf4.png,Shepherds Purse
ba3ce6b3e.png,Shepherds Purse
bb1c84bbc.png,Common wheat
bb1d1bfd3.png,Cleavers
bb20fce02.png,Charlock
bb64660b7.png,Sugar beet
bb7621cb3.png,Fat Hen
bd72d4d8a.png,Common Chickweed
bd789d151.png,Charlock
bdde957ec.png,Shepherds Purse
be2499cf4.png,Common wheat
be341dbdc.png,Common wheat
bea23d9f8.png,Charlock
bebcaab66.png,Common Chickweed
beebe5f4e.png,Scentless Mayweed
bf3924a57.png,Charlock
bf66b9cd2.png,Maize
bfab3e3d0.png,Sugar beet
bffc08672.png,Shepherds Purse
c0461776c.png,Charlock
c069fc3fa.png,Fat Hen
c06e7c748.png,Charlock
c0bc3997b.png,Shepherds Purse
c0d9e170b.png,Small-flowered Cranesbill
c0f5d9ac8.png,Small-flowered Cranesbill
c10ccbd82.png,Shepherds Purse
c10db7ae2.png,Maize
c1ecff98b.png,Black-grass
c26ccf73c.png,Sugar beet
c2de6020a.png,Small-flowered Cranesbill
c35efa095.png,Common Chickweed
c4ed8ed38.png,Charlock
c50335991.png,Fat Hen
c5078bac5.png,Common wheat
c5e419015.png,Charlock
c5e88cd42.png,Cleavers
c60e91e07.png,Loose Silky-bent
c63da993b.png,Sugar beet
c64370a72.png,Sugar beet
c6b76307d.png,Cleavers
c6c8d4ba0.png,Common wheat
c7051c902.png,Fat Hen
c74c5b7fc.png,Charlock
c75a82234.png,Common Chickweed
c7ae30f3a.png,Charlock
c7b07431e.png,Scentless Mayweed
c7eb96871.png,Common wheat
c832e4302.png,Fat Hen
c85ef220d.png,Charlock
c88ebfb47.png,Small-flowered Cranesbill
c8f50f0c3.png,Common wheat
caa2fbd79.png,Charlock
cadab6616.png,Charlock
cae684f8f.png,Charlock
cb496f36e.png,Common wheat
cb76a7766.png,Fat Hen
cbba27d89.png,Maize
cbe761896.png,Charlock
cc3d2a59a.png,Sugar beet
cc74feadc.png,Loose Silky-bent
cd5f0db1c.png,Small-flowered Cranesbill
cd6adba97.png,Small-flowered Cranesbill
ce15eee52.png,Charlock
ce3d280eb.png,Sugar beet
ce42adffb.png,Common wheat
cec5bf198.png,Cleavers
cf3a8b2fd.png,Loose Silky-bent
cf46d09c5.png,Charlock
cf90fc52d.png,Charlock
cfb18d262.png,Shepherds Purse
cfd8165e9.png,Charlock
d0152bd7c.png,Cleavers
d01873fdd.png,Loose Silky-bent
d09275360.png,Common wheat
d09d24c58.png,Loose Silky-bent
d0cdc768f.png,Common wheat
d102e1a15.png,Charlock
d14aa43f3.png,Small-flowered Cranesbill
d17f48d3b.png,Shepherds Purse
d2f0f326e.png,Charlock
d2f422ccb.png,Cleavers
d2fd9df40.png,Black-grass
d3331e071.png,Fat Hen
d350a25fa.png,Charlock
d41d87796.png,Charlock
d488a4fe1.png,Common wheat
d515398fd.png,Common wheat
d563be369.png,Fat Hen
d5f7dd60a.png,Scentless Mayweed
d668409ff.png,Sugar beet
d689256be.png,Common wheat
d6c8c3c48.png,Small-flowered Cranesbill
d6d31dcbe.png,Common Chickweed
d6d80a321.png,Scentless Mayweed
d7017f701.png,Cleavers
d84d37a61.png,Cleavers
d89db156f.png,Small-flowered Cranesbill
d8f4923f8.png,Cleavers
d93c7ab6d.png,Common wheat
d9c50616e.png,Sugar beet
da231c97f.png,Shepherds Purse
da4ed3a28.png,Charlock
da5255450.png,Sugar beet
da713c465.png,Common wheat
da9ef7858.png,Charlock
dabe3e5be.png,Small-flowered Cranesbill
dabea05f4.png,Black-grass
dc4cd56a3.png,Common wheat
dc55449b2.png,Sugar beet
dcd7ff249.png,Scentless Mayweed
dce2f6612.png,Cleavers
dd5ec63d9.png,Sugar beet
dd9f36df7.png,Small-flowered Cranesbill
de0b79659.png,Fat Hen
df11d56a7.png,Sugar beet
df521c0c0.png,Loose Silky-bent
df7cb5f87.png,Charlock
dfb1d9012.png,Common wheat
e0ec5b6a1.png,Sugar beet
e14afa235.png,Common wheat
e15472085.png,Cleavers
e15fce4f2.png,Shepherds Purse
e1809cef2.png,Scentless Mayweed
e19673dc9.png,Charlock
e19ad6ac9.png,Charlock
e1a0e3202.png,Common wheat
e1abb4ff9.png,Sugar beet
e3f50adfc.png,Cleavers
e471f1d3a.png,Charlock
e478c452c.png,Sugar beet
e4a76885b.png,Maize
e4d5ec761.png,Common wheat
e5064f6be.png,Sugar beet
e52493d0b.png,Common wheat
e5297b675.png,Common wheat
e5368474f.png,Scentless Mayweed
e5881dd33.png,Fat Hen
e5e3dccff.png,Common wheat
e6f1211a2.png,Sugar beet
e7077322d.png,Scentless Mayweed
e721c6ac8.png,Common wheat
e73e308be.png,Fat Hen
e783f5a4f.png,Sugar beet
e80a259c5.png,Small-flowered Cranesbill
e82017baa.png,Common wheat
e84464f5a.png,Cleavers
e88bf0db9.png,Small-flowered Cranesbill
e901b0f28.png,Charlock
e921021a8.png,Fat Hen
e96e57a90.png,Charlock
e98e5d1d5.png,Common wheat
e9cd91682.png,Cleavers
e9d48d664.png,Charlock
eaf0815e2.png,Small-flowered Cranesbill
ec08a5d56.png,Charlock
ede6b84b4.png,Cleavers
edfdb4aeb.png,Scentless Mayweed
eec1079a1.png,Charlock
eef131644.png,Common wheat
ef02b4ee7.png,Sugar beet
ef3e232ad.png,Sugar beet
ef65533d5.png,Common wheat
ef74dbcad.png,Scentless Mayweed
ef7a5651d.png,Common Chickweed
ef9676433.png,Charlock
efe19dc32.png,Charlock
f0ffa00bd.png,Sugar beet
f1e87cba7.png,Common wheat
f1f7c833f.png,Charlock
f23faf9c1.png,Common wheat
f25996db8.png,Small-flowered Cranesbill
f2dc546ca.png,Cleavers
f33e9d918.png,Shepherds Purse
f351ce097.png,Loose Silky-bent
f3fcfff1b.png,Charlock
f4021df6c.png,Fat Hen
f4234cf4f.png,Fat Hen
f445fe6fb.png,Charlock
f48916a8c.png,Scentless Mayweed
f4ad9d950.png,Sugar beet
f4caf74f9.png,Charlock
f4e7733d4.png,Cleavers
f593c9cf0.png,Sugar beet
f66ae4070.png,Maize
f6d250856.png,Charlock
f8318faf1.png,Shepherds Purse
f85ed9b6d.png,Charlock
f9b6bfb00.png,Cleavers
f9ea23fb5.png,Sugar beet
f9f35cbd4.png,Cleavers
fa5fd1384.png,Charlock
fa9f3a8f9.png,Cleavers
fadc6adbc.png,Charlock
fb022edf9.png,Sugar beet
fba8fc78a.png,Common wheat
fbf88b6be.png,Charlock
fc3e58836.png,Shepherds Purse
fc6f686fb.png,Cleavers
fd253a74e.png,Cleavers
fd87b36ae.png,Common wheat
fd925f542.png,Sugar beet
fda0b5c38.png,Common wheat
fda39e16f.png,Black-grass
fdea6b119.png,Common wheat
fe29629fb.png,Sugar beet
fe9e87b78.png,Shepherds Purse
fea1d13d6.png,Charlock
fea355851.png,Black-grass
fea3da57c.png,Sugar beet
fef2ade8c.png,Sugar beet
ff65bc002.png,Charlock
ffc6f8527.png,Common wheat
